<?xml version="1.0" encoding="UTF-8"?>
<beans xmlns="http://www.springframework.org/schema/beans"
       xmlns:xsi="http://www.w3.org/2001/XMLSchema-instance"
       xsi:schemaLocation="http://www.springframework.org/schema/beans
	http://www.springframework.org/schema/beans/spring-beans.xsd">
	
	<!-- TallerPintura tallerPintura = new TallerPintura(); -->
	<bean id="tallerPintura" class="es.indra.business.TallerPintura" />
	
	<!-- TallerMecanica tallerMecanica = new TallerMecanica(); -->
	<bean id="tallerMecanica" class="es.indra.business.TallerMecanica" />
	
	<!-- Coche coche = new Coche("1234-MBD", "A5"); -->
	<bean id="coche" class="es.indra.models.Coche">
		<constructor-arg name="matricula" value="1234-MBD" />
		<constructor-arg name="modelo" value="A5"/>
	</bean>
	
	<!-- Aseguradora aseguradora = new Aseguradora();
		aseguradora.setNombre("Mapfre");
		aseguradora.setTaller(tallerPintura); -->
	<bean id="aseguradora" class="es.indra.business.Aseguradora">
		<property name="nombre" value="Mapfre" />
		<property name="taller" ref="tallerPintura" />
	</bean>
	
</beans>