<?xml version="1.0" encoding="UTF-8"?>
<beans xmlns="http://www.springframework.org/schema/beans"
	   xmlns:aop="http://www.springframework.org/schema/aop"
	   xmlns:tx="http://www.springframework.org/schema/tx"
       xmlns:xsi="http://www.w3.org/2001/XMLSchema-instance"
       xsi:schemaLocation="http://www.springframework.org/schema/beans
	http://www.springframework.org/schema/beans/spring-beans.xsd
	http://www.springframework.org/schema/aop
	http://www.springframework.org/schema/aop/spring-aop.xsd
	http://www.springframework.org/schema/tx
	http://www.springframework.org/schema/tx/spring-tx.xsd">
	
	
	<tx:advice id="txAdvice" transaction-manager="txManager">
		<tx:attributes>
			<tx:method name="altaProducto" propagation="REQUIRED" isolation="SERIALIZABLE"
				rollback-for="java.sql.SQLException"/>
				
			<tx:method name="*" propagation="SUPPORTS" read-only="true"/>
		</tx:attributes>
	</tx:advice>
	
	<aop:config>
<!-- 		<aop:advisor pointcut="execution(* es.indra.persistence.ProductosDAO.*(..))"  -->
<!-- 			advice-ref="txAdvice"/> -->
			
		<aop:advisor pointcut="bean(dao)" advice-ref="txAdvice"/>
	</aop:config>
	
</beans>