<?xml version="1.0" encoding="UTF-8"?>
<beans xmlns="http://www.springframework.org/schema/beans"
	xmlns:context="http://www.springframework.org/schema/context"
	xmlns:xsi="http://www.w3.org/2001/XMLSchema-instance"
	xsi:schemaLocation="http://www.springframework.org/schema/beans
	http://www.springframework.org/schema/beans/spring-beans.xsd
	http://www.springframework.org/schema/context
	http://www.springframework.org/schema/context/spring-context.xsd"
	default-init-method="init" default-destroy-method="metodoDestroy">
	
	<!-- Levantar las anotaciones de Spring core -->
	<context:annotation-config />


	<!-- Inyeccion a traves del constructor -->
	<bean id="empleado1" class="es.indra.models.Empleado" 
		init-method="init" destroy-method="metodoDestroy">
		<constructor-arg index="0" value="1" />
		<constructor-arg index="1" value="Juan" />
		<constructor-arg index="2" value="Lopez" />
		<constructor-arg index="3" value="true" />
		<constructor-arg index="4" value="47000" />
	</bean>

	<bean id="empleado2" class="es.indra.models.Empleado">
		<constructor-arg type="int" value="2" />
		<constructor-arg type="java.lang.String" value="Maria" />
		<constructor-arg type="java.lang.String"
			value="Sanchez" />
		<constructor-arg type="boolean" value="false" />
		<constructor-arg type="double" value="39000" />
	</bean>

	<bean id="empleado3" class="es.indra.models.Empleado">
		<constructor-arg name="numeroEmpleado" value="3" />
		<constructor-arg name="nombre" value="Alberto" />
		<constructor-arg name="apellido" value="Perez" />
		<constructor-arg name="jefe" value="true" />
		<constructor-arg name="sueldo" value="64000" />
	</bean>


	<!-- Inyeccion a traves de propiedades -->
	<bean id="empleado4" class="es.indra.models.Empleado">
		<property name="numeroEmpleado" value="4" />
		<property name="nombre" value="Pedro" />
		<property name="apellido" value="Rodriguez" />
		<property name="jefe" value="false" />
		<property name="sueldo" value="37000" />
	</bean>

	<bean id="empleado5" class="es.indra.models.Empleado">
		<property name="numeroEmpleado">
			<value type="int">5</value>
		</property>
		<property name="nombre">
			<value type="java.lang.String">Jorge</value>
		</property>
		<property name="apellido">
			<value type="java.lang.String">Arias</value>
		</property>
		<property name="jefe">
			<value type="boolean">false</value>
		</property>
		<property name="sueldo">
			<value type="double">36000</value>
		</property>
	</bean>



	<bean id="empresa" class="es.indra.models.Empresa">
		<property name="empleados">
			<list value-type="es.indra.models.Empleado">
				<ref bean="empleado1" />
				<ref bean="empleado2" />
				<ref bean="empleado3" />
				<ref bean="empleado4" />
				<ref bean="empleado5" />

				<!-- Bean interno -->
				<bean id="empleado6" class="es.indra.models.Empleado">
					<constructor-arg name="numeroEmpleado" value="6" />
					<constructor-arg name="nombre" value="Alfonso" />
					<constructor-arg name="apellido" value="Garcia" />
					<constructor-arg name="jefe" value="false" />
					<constructor-arg name="sueldo" value="37000" />
				</bean>
			</list>
		</property>
		
		<property name="proyectos">
			<set value-type="java.lang.String">
				<value>Santander</value>
				<value>Inditex</value>
			</set>
		</property>
		
		<property name="equipo">
			<array value-type="es.indra.models.Empleado">
				<ref bean="empleado2"/>
				<ref bean="empleado4"/>
				<ref bean="empleado5"/>
			</array>
		</property>
		
		<property name="jefesProyecto">
			<map key-type="java.lang.String" value-type="es.indra.models.Empleado">
				<entry key="Santander" value-ref="empleado1" />
				<entry key="Inditex" value-ref="empleado3" />
			</map>
		</property>
	<!--	
		<property name="emails">
			<props>
				<prop key="1">juan@gmail.com</prop>
				<prop key="3">alberto@gmail.com</prop>
			</props>
		</property>
	  -->	
		<property name="emails">
			<value>
				1=juan@gmail.com
				3=alberto@gmail.com
			</value>
		</property>
		
	
	</bean>




</beans>





