<?xml version="1.0" encoding="UTF-8"?>
<beans xmlns="http://www.springframework.org/schema/beans"
       xmlns:xsi="http://www.w3.org/2001/XMLSchema-instance"
       xsi:schemaLocation="http://www.springframework.org/schema/beans
	http://www.springframework.org/schema/beans/spring-beans.xsd">
	
	<bean id="cliente1" class="es.indra.models.Cliente"> 
		<property name="nombre" value="#{'Manuel'}" />
		<property name="nuevo" value="#{true}" />
		<property name="nif" value="#{'12345678' + '-' + 'A'}" />
		<property name="cifraCompras" value="#{200000}" />
	</bean>
	
	
	<bean id="cliente2" class="es.indra.models.Cliente">
		<property name="nombre" value="#{'Maria'}" />
		<property name="nuevo" value="#{cliente1.nuevo}" />
		<property name="nif" value="#{cliente1.nif?:'xxxxxxx'}" />
		<property name="cifraCompras" value="#{cliente1.cifraCompras + 
			cliente1.getCifraCompras() * 0.1}" />
	</bean>
	
	<bean id="pruebas" class="es.indra.business.Pruebas">
		<property name="valorContador" value="#{T(es.indra.models.Cliente).incrementarContador()}" />
		<property name="importeCompras" value="#{cliente2.cifraCompras gt 1200000 ? cliente2.cifraCompras : 1200000}" />
		<property name="clientes">
			<list value-type="es.indra.models.Cliente">
				<ref bean="cliente1"/>
				<ref bean="cliente2"/>
			</list>
		</property>
		
		<!-- Acceder a propiedades del mismo bean da error -->
<!-- 		<property name="mejoresClientes" value="#{clientes.?[cifraCompras gt 210000]}" /> -->
	</bean>
	
	<bean id="pruebas2" class="es.indra.business.Pruebas">
		<property name="mejoresClientes" value="#{pruebas.clientes.?[cifraCompras gt 210000]}" />
		<property name="datos" value="#{pruebas.clientes.![nombre + ',' + nif]}"></property>
	</bean>
</beans>







