<?xml version="1.0" encoding="UTF-8"?>
<beans xmlns="http://www.springframework.org/schema/beans"
       xmlns:xsi="http://www.w3.org/2001/XMLSchema-instance"
       xsi:schemaLocation="http://www.springframework.org/schema/beans
	http://www.springframework.org/schema/beans/spring-beans.xsd">
	
	
	<!-- Singleton: una unica instancia -->
	<bean id="empleado1" class="es.indra.models.Empleado" scope="singleton">
		<constructor-arg index="0" value="1" />
		<constructor-arg index="1" value="Juan" />
		<constructor-arg index="2" value="Lopez" />
		<constructor-arg index="3" value="true" />
		<constructor-arg index="4" value="47000" />
	</bean>
	
	<!-- Prototype: cada vez que se pide, se clona -->
	<bean id="empleado2" class="es.indra.models.Empleado" scope="prototype">	
		<constructor-arg type="java.lang.String" value="Maria" />
		<constructor-arg type="java.lang.String" value="Sanchez" />
		<constructor-arg type="boolean" value="false" />
		<constructor-arg type="double" value="39000" />
		<constructor-arg type="int" value="2" />
	</bean>
	
	
</beans>





